number,link,treatment,pot,focal,background_T,background_R,background_H,fruit_number,exclusion,Notes,mean_weigthxseed,mean_seedsxfruit,total_seeds,total_seed_weigth
1,B H,B,3,H,0,1,0,3,0,NA,NA,2.5,7.5,NA
2,B H,B,3,H,0,2,0,5,0,NA,NA,2.5,12.5,NA
3,B H,B,4,H,0,0,0,3,0,NA,NA,2.5,7.5,NA
4,B H,B,4,H,0,0,0,2,0,NA,NA,2.5,5,NA
5,B H,B,4,H,3,0,0,3,0,NA,NA,2.5,7.5,NA
6,B H,B,5,H,1,2,0,2,0,NA,NA,2.5,5,NA
7,B H,B,5,H,0,0,0,3,0,NA,NA,2.5,7.5,NA
8,B H,B,5,H,0,0,0,2,0,NA,NA,2.5,5,NA
9,B H,B,5,H,1,1,0,4,0,NA,NA,2.5,10,NA
10,B H,B,6,H,2,0,0,2,0,NA,NA,2.5,5,NA
11,B H,B,6,H,1,0,0,1,0,NA,NA,2.5,2.5,NA
12,B H,B,6,H,1,1,0,2,0,NA,NA,2.5,5,NA
13,B H,B,9,H,2,0,0,1,0,NA,NA,2.5,2.5,NA
14,B H,B,1,H,0,1,0,1,0,NA,NA,2.5,2.5,NA
15,B H,B,2,H,0,1,0,1,0,NA,NA,2.5,2.5,NA
16,B H,B,4,H,0,1,0,2,0,NA,NA,2.5,5,NA
17,B H,B,10,H,0,0,0,2,0,NA,NA,2.5,5,NA
18,B H,B,10,H,0,0,0,2,0,NA,NA,2.5,5,NA
19,B H,B,10,H,0,0,0,1,0,NA,NA,2.5,2.5,NA
20,B R,B,2,R,0,1,0,3,0,NA,NA,5.5,16.5,NA
21,B R,B,2,R,1,0,0,19,0,NA,NA,5.5,104.5,NA
22,B R,B,4,R,1,0,0,3,0,NA,NA,5.5,16.5,NA
23,B R,B,6,R,0,1,0,3,0,NA,NA,5.5,16.5,NA
24,B R,B,7,R,0,1,0,14,0,NA,NA,5.5,77,NA
25,B R,B,7,R,0,1,0,8,0,NA,NA,5.5,44,NA
26,B R,B,8,R,0,1,0,4,0,NA,NA,5.5,22,NA
27,B R,B,8,R,0,2,0,2,0,NA,NA,5.5,11,NA
28,B R,B,8,R,1,2,0,17,0,NA,NA,5.5,93.5,NA
29,B R,B,8,R,0,3,0,3,0,NA,NA,5.5,16.5,NA
30,B R,B,8,R,0,3,0,17,0,NA,NA,5.5,93.5,NA
31,B R,B,8,R,1,1,0,12,0,NA,NA,5.5,66,NA
32,B R,B,8,R,0,1,0,11,0,NA,NA,5.5,60.5,NA
33,B R,B,1,R,0,1,0,8,0,NA,NA,5.5,44,NA
34,B R,B,1,R,0,3,0,1,0,NA,NA,5.5,5.5,NA
35,B R,B,1,R,0,2,0,6,0,NA,NA,5.5,33,NA
36,B R,B,1,R,0,4,0,8,0,NA,NA,5.5,44,NA
37,B R,B,1,R,0,1,0,10,0,NA,NA,5.5,55,NA
38,B R,B,2,R,1,0,0,11,0,NA,NA,5.5,60.5,NA
39,B R,B,2,R,0,1,0,23,0,NA,NA,5.5,126.5,NA
40,B R,B,2,R,0,1,0,9,0,NA,NA,5.5,49.5,NA
41,B R,B,2,R,1,1,0,13,0,NA,NA,5.5,71.5,NA
42,B T,B,6,T,0,1,0,3,0,NA,NA,21,63,NA
43,B T,B,6,T,0,3,0,2,0,NA,NA,21,42,NA
44,B_low H,B_low,1,H,1,1,0,2,0,NA,0.925936333,2.4,4.8,4.4444944
45,B_low H,B_low,1,H,1,0,0,1,0,NA,0.925936333,2.4,2.4,2.2222472
46,B_low H,B_low,2,H,1,2,0,1,0,NA,0.925936333,2.4,2.4,2.2222472
47,B_low H,B_low,2,H,0,1,0,2,0,NA,0.925936333,2.4,4.8,4.4444944
48,B_low H,B_low,3,H,0,0,0,1,0,NA,0.925936333,2.4,2.4,2.2222472
49,B_low H,B_low,3,H,2,0,0,1,0,NA,0.925936333,2.4,2.4,2.2222472
50,B_low H,B_low,3,H,2,0,0,2,0,NA,0.925936333,2.4,4.8,4.4444944
51,B_low H,B_low,3,H,0,0,0,3,0,NA,0.925936333,2.4,7.2,6.6667416
52,B_low H,B_low,3,H,1,1,0,3,0,NA,0.925936333,2.4,7.2,6.6667416
53,B_low H,B_low,4,H,2,0,0,1,0,NA,0.925936333,2.4,2.4,2.2222472
54,B_low H,B_low,1,H,0,0,1,2,0,NA,0.925936333,2.4,4.8,4.4444944
55,B_low H,B_low,2,H,0,1,0,1,0,NA,0.925936333,2.4,2.4,2.2222472
56,B_low H,B_low,2,H,0,2,0,2,0,NA,0.925936333,2.4,4.8,4.4444944
57,B_low H,B_low,4,H,2,0,0,1,0,NA,0.925936333,2.4,2.4,2.2222472
58,B_low H,B_low,2,H,1,0,1,1,0,NA,0.925936333,2.4,2.4,2.2222472
59,B_low H,B_low,4,H,0,1,0,2,0,NA,0.925936333,2.4,4.8,4.4444944
60,B_low H,B_low,5,H,2,1,0,1,0,NA,0.925936333,2.4,2.4,2.2222472
61,B_low H,B_low,5,H,0,1,0,2,0,NA,0.925936333,2.4,4.8,4.4444944
62,B_low H,B_low,3,H,0,1,0,3,0,NA,0.925936333,2.4,7.2,6.6667416
63,B_low H,B_low,5,H,1,1,0,1,0,NA,0.925936333,2.4,2.4,2.2222472
64,B_low H,B_low,4,H,0,1,0,2,0,NA,0.925936333,2.4,4.8,4.4444944
65,B_low H,B_low,4,H,0,0,1,2,0,NA,0.925936333,2.4,4.8,4.4444944
66,B_low H,B_low,4,H,1,0,0,1,0,NA,0.925936333,2.4,2.4,2.2222472
67,B_low H,B_low,4,H,0,1,0,3,0,NA,0.925936333,2.4,7.2,6.6667416
68,B_low R,B_low,5,R,2,0,0,4,0,NA,0.005219079,5.9,23.6,0.123170273
69,B_x H,B_x,1,H,0,1,0,2,0,NA,1.151285833,2.7,5.4,6.2169435
70,B_x H,B_x,3,H,0,1,0,9,0,NA,1.151285833,2.7,24.3,27.97624575
71,B_x H,B_x,1,H,0,1,0,1,0,NA,1.151285833,2.7,2.7,3.10847175
72,B_x H,B_x,5,H,0,0,1,1,0,NA,1.151285833,2.7,2.7,3.10847175
73,B_x H,B_x,3,H,0,2,0,3,0,NA,1.151285833,2.7,8.1,9.32541525
74,B_x H,B_x,6,H,1,0,0,2,0,NA,1.151285833,2.7,5.4,6.2169435
75,B_x H,B_x,6,H,2,0,0,1,0,NA,1.151285833,2.7,2.7,3.10847175
76,B_x H,B_x,2,H,0,1,0,5,0,NA,1.151285833,2.7,13.5,15.54235875
77,B_x H,B_x,5,H,1,0,1,2,0,NA,1.151285833,2.7,5.4,6.2169435
78,B_x H,B_x,4,H,1,0,0,1,0,NA,1.151285833,2.7,2.7,3.10847175
79,B_x H,B_x,4,H,1,1,0,1,0,NA,1.151285833,2.7,2.7,3.10847175
80,B_x H,B_x,3,H,0,2,0,1,0,NA,1.151285833,2.7,2.7,3.10847175
81,B_x H,B_x,4,H,2,0,0,2,0,NA,1.151285833,2.7,5.4,6.2169435
82,B_x H,B_x,1,H,0,1,0,1,0,NA,1.151285833,2.7,2.7,3.10847175
83,B_x H,B_x,5,H,0,1,1,1,0,NA,1.151285833,2.7,2.7,3.10847175
84,B_x H,B_x,9,H,0,0,0,1,0,NA,1.151285833,2.7,2.7,3.10847175
85,B_x H,B_x,1,H,0,2,0,1,0,NA,1.151285833,2.7,2.7,3.10847175
86,B_x H,B_x,9,H,1,0,0,1,0,NA,1.151285833,2.7,2.7,3.10847175
87,B_x H,B_x,2,H,1,0,0,1,0,NA,1.151285833,2.7,2.7,3.10847175
88,B_x H,B_x,2,H,2,0,0,1,0,NA,1.151285833,2.7,2.7,3.10847175
89,B_x H,B_x,9,H,1,1,0,1,0,NA,1.151285833,2.7,2.7,3.10847175
90,B_x H,B_x,10,H,0,0,0,1,0,NA,1.151285833,2.7,2.7,3.10847175
91,B_x H,B_x,7,H,0,2,0,1,0,NA,1.151285833,2.7,2.7,3.10847175
92,B_x H,B_x,10,H,2,1,0,3,0,NA,1.151285833,2.7,8.1,9.32541525
93,B_x H,B_x,8,H,1,1,0,2,0,NA,1.151285833,2.7,5.4,6.2169435
94,B_x H,B_x,10,H,0,0,0,2,0,NA,1.151285833,2.7,5.4,6.2169435
95,B_x R,B_x,8,R,0,2,0,4,1,NA,0.017456667,4.1,16.4,0.286289333
96,B_x R,B_x,1,R,1,0,0,4,0,NA,0.017456667,4.1,16.4,0.286289333
97,B_x R,B_x,3,R,0,1,0,9,1,NA,0.017456667,4.1,36.9,0.644151
98,B_x R,B_x,3,R,0,2,0,3,1,NA,0.017456667,4.1,12.3,0.214717
99,B_x R,B_x,8,R,0,3,0,5,1,NA,0.017456667,4.1,20.5,0.357861667
100,B_x R,B_x,9,R,0,0,1,6,1,NA,0.017456667,4.1,24.6,0.429434
101,B_x R,B_x,9,R,0,1,1,3,1,NA,0.017456667,4.1,12.3,0.214717
102,B_x R,B_x,2,R,0,1,0,10,1,NA,0.017456667,4.1,41,0.715723333
103,B_x R,B_x,3,R,0,1,0,2,1,NA,0.017456667,4.1,8.2,0.143144667
104,B_x R,B_x,3,R,0,1,0,1,0,NA,0.017456667,4.1,4.1,0.071572333
105,B_x R,B_x,6,R,3,1,0,1,0,NA,0.017456667,4.1,4.1,0.071572333
106,B_x R,B_x,7,R,2,0,0,4,1,NA,0.017456667,4.1,16.4,0.286289333
107,B_x R,B_x,5,R,0,0,0,9,0,NA,0.017456667,4.1,36.9,0.644151
108,B_x R,B_x,3,R,0,1,0,2,1,NA,0.017456667,4.1,8.2,0.143144667
109,B_x R,B_x,3,R,0,1,0,7,1,NA,0.017456667,4.1,28.7,0.501006333
110,B_x R,B_x,8,R,0,1,0,1,1,NA,0.017456667,4.1,4.1,0.071572333
111,B_x R,B_x,3,R,0,2,0,2,1,NA,0.017456667,4.1,8.2,0.143144667
112,B_x R,B_x,5,R,0,1,1,12,1,NA,0.017456667,4.1,49.2,0.858868
113,B_x R,B_x,3,R,0,2,0,6,1,NA,0.017456667,4.1,24.6,0.429434
114,B_x R,B_x,3,R,0,2,0,10,1,NA,0.017456667,4.1,41,0.715723333
115,B_x R,B_x,2,R,0,2,0,4,1,NA,0.017456667,4.1,16.4,0.286289333
116,B_x R,B_x,6,R,1,1,0,2,1,NA,0.017456667,4.1,8.2,0.143144667
117,B_x R,B_x,5,R,0,2,0,18,1,NA,0.017456667,4.1,73.8,1.288302
118,B_x R,B_x,1,R,0,0,0,2,0,NA,0.017456667,4.1,8.2,0.143144667
119,B_x R,B_x,5,R,0,1,0,6,0,NA,0.017456667,4.1,24.6,0.429434
120,B_x R,B_x,9,R,0,0,0,13,1,NA,0.017456667,4.1,53.3,0.930440333
121,B_x R,B_x,3,R,0,0,0,14,1,NA,0.017456667,4.1,57.4,1.002012667
122,BB H,BB,2,H,0,2,0,1,0,NA,0.995092667,1.9,1.9,1.890676067
123,BB H,BB,8,H,0,1,0,1,0,NA,0.995092667,1.9,1.9,1.890676067
124,BB H,BB,1,H,0,0,0,1,0,NA,0.995092667,1.9,1.9,1.890676067
125,BB H,BB,7,H,0,2,0,1,0,NA,0.995092667,1.9,1.9,1.890676067
126,BB H,BB,9,H,1,1,0,1,0,NA,0.995092667,1.9,1.9,1.890676067
127,BB H,BB,4,H,0,0,0,1,0,NA,0.995092667,1.9,1.9,1.890676067
128,BB H,BB,5,H,0,0,0,1,0,NA,0.995092667,1.9,1.9,1.890676067
129,BB H,BB,9,H,1,1,0,1,0,NA,0.995092667,1.9,1.9,1.890676067
130,BB H,BB,3,H,0,3,0,1,0,NA,0.995092667,1.9,1.9,1.890676067
131,BB H,BB,10,H,0,2,0,1,0,NA,0.995092667,1.9,1.9,1.890676067
132,BB H,BB,10,H,0,2,0,2,0,NA,0.995092667,1.9,3.8,3.781352133
133,BB R,BB,1,R,0,2,0,5,0,NA,0.011867214,5,25,0.296680357
134,BB R,BB,1,R,0,1,0,1,0,NA,0.011867214,5,5,0.059336071
135,BB R,BB,2,R,0,2,0,11,0,NA,0.011867214,5,55,0.652696786
136,BB R,BB,5,R,1,1,0,10,0,NA,0.011867214,5,50,0.593360714
137,BB R,BB,2,R,0,2,0,4,0,NA,0.011867214,5,20,0.237344286
138,BB R,BB,2,R,2,0,0,11,0,NA,0.011867214,5,55,0.652696786
139,BB R,BB,4,R,0,2,0,2,0,NA,0.011867214,5,10,0.118672143
140,BB R,BB,7,R,0,2,0,3,0,NA,0.011867214,5,15,0.178008214
141,BB R,BB,3,R,1,1,0,10,0,NA,0.011867214,5,50,0.593360714
142,BB R,BB,7,R,1,0,0,7,0,NA,0.011867214,5,35,0.4153525
143,BB R,BB,4,R,0,0,0,21,0,NA,0.011867214,5,105,1.2460575
144,BB R,BB,4,R,0,2,0,2,0,NA,0.011867214,5,10,0.118672143
145,BB R,BB,4,R,0,0,0,1,0,NA,0.011867214,5,5,0.059336071
146,BB R,BB,4,R,0,0,0,17,0,NA,0.011867214,5,85,1.008713214
147,BB R,BB,5,R,2,0,0,2,0,NA,0.011867214,5,10,0.118672143
148,BB R,BB,6,R,2,0,0,1,0,NA,0.011867214,5,5,0.059336071
149,BB R,BB,10,R,1,0,0,10,0,NA,0.011867214,5,50,0.593360714
150,BB R,BB,5,R,1,2,0,2,0,NA,0.011867214,5,10,0.118672143
151,BB R,BB,8,R,0,2,0,4,0,NA,0.011867214,5,20,0.237344286
152,BB R,BB,7,R,0,1,0,3,0,NA,0.011867214,5,15,0.178008214
153,BB R,BB,10,R,1,0,0,42,0,NA,0.011867214,5,210,2.492115
154,BB R,BB,7,R,0,0,0,5,0,NA,0.011867214,5,25,0.296680357
155,BB R,BB,9,R,0,1,0,8,0,NA,0.011867214,5,40,0.474688571
156,BB R,BB,8,R,0,1,0,3,0,NA,0.011867214,5,15,0.178008214
157,BB R,BB,10,R,1,1,0,2,0,NA,0.011867214,5,10,0.118672143
158,BB_x H,BB_x,3,H,0,4,0,1,0,NA,1.406153024,3.2,3.2,4.499689676
159,BB_x H,BB_x,6,H,0,0,2,2,0,NA,1.406153024,3.2,6.4,8.999379352
160,BB_x H,BB_x,2,H,0,3,0,2,0,NA,1.406153024,3.2,6.4,8.999379352
161,BB_x H,BB_x,1,H,0,3,0,3,0,NA,1.406153024,3.2,9.6,13.49906903
162,BB_x H,BB_x,3,H,0,4,0,2,0,NA,1.406153024,3.2,6.4,8.999379352
163,BB_x H,BB_x,2,H,0,1,0,1,0,NA,1.406153024,3.2,3.2,4.499689676
164,BB_x H,BB_x,7,H,1,3,0,2,0,NA,1.406153024,3.2,6.4,8.999379352
165,BB_x H,BB_x,1,H,0,4,0,5,0,NA,1.406153024,3.2,16,22.49844838
166,BB_x H,BB_x,4,H,1,2,0,1,0,NA,1.406153024,3.2,3.2,4.499689676
167,BB_x H,BB_x,8,H,0,3,0,2,0,NA,1.406153024,3.2,6.4,8.999379352
168,BB_x H,BB_x,5,H,0,0,0,1,0,NA,1.406153024,3.2,3.2,4.499689676
169,BB_x H,BB_x,10,H,0,2,0,5,0,NA,1.406153024,3.2,16,22.49844838
170,BB_x H,BB_x,1,H,0,3,0,1,0,NA,1.406153024,3.2,3.2,4.499689676
171,BB_x H,BB_x,9,H,0,2,0,1,0,NA,1.406153024,3.2,3.2,4.499689676
172,BB_x H,BB_x,4,H,1,0,0,2,0,NA,1.406153024,3.2,6.4,8.999379352
173,BB_x R,BB_x,1,R,1,2,0,2,1,NA,0.000622841,6.5,13,0.008096937
174,BB_x R,BB_x,1,R,1,2,0,2,0,NA,0.000622841,6.5,13,0.008096937
175,BB_x R,BB_x,1,R,0,1,0,4,1,NA,0.000622841,6.5,26,0.016193873
176,BB_x R,BB_x,3,R,1,1,0,19,1,NA,0.000622841,6.5,123.5,0.076920897
177,BB_x R,BB_x,3,R,1,4,0,15,1,NA,0.000622841,6.5,97.5,0.060727024
178,BB_x R,BB_x,1,R,0,2,0,9,1,NA,0.000622841,6.5,58.5,0.036436214
179,BB_x R,BB_x,2,R,0,2,0,24,1,NA,0.000622841,6.5,156,0.097163238
180,BB_x R,BB_x,2,R,1,1,0,2,0,NA,0.000622841,6.5,13,0.008096937
181,BB_x R,BB_x,9,R,1,3,0,3,1,NA,0.000622841,6.5,19.5,0.012145405
182,BB_x R,BB_x,1,R,0,2,0,9,1,NA,0.000622841,6.5,58.5,0.036436214
183,BB_x R,BB_x,3,R,1,0,0,5,0,NA,0.000622841,6.5,32.5,0.020242341
184,BB_x R,BB_x,9,R,1,0,0,1,1,NA,0.000622841,6.5,6.5,0.004048468
185,BB_x R,BB_x,6,R,1,1,0,36,1,NA,0.000622841,6.5,234,0.145744857
186,BB_x R,BB_x,4,R,1,0,0,23,1,NA,0.000622841,6.5,149.5,0.09311477
187,BB_x R,BB_x,2,R,0,1,0,20,1,NA,0.000622841,6.5,130,0.080969365
188,BB_x R,BB_x,6,R,1,1,0,22,1,NA,0.000622841,6.5,143,0.089066302
189,BB_x R,BB_x,4,R,1,1,0,24,0,NA,0.000622841,6.5,156,0.097163238
190,BB_x R,BB_x,5,R,1,0,0,11,0,NA,0.000622841,6.5,71.5,0.044533151
191,BB_x R,BB_x,3,R,0,1,0,6,1,NA,0.000622841,6.5,39,0.02429081
192,BB_x R,BB_x,9,R,0,0,0,3,0,NA,0.000622841,6.5,19.5,0.012145405
193,BB_x R,BB_x,7,R,0,1,0,17,1,NA,0.000622841,6.5,110.5,0.06882396
194,BB_x R,BB_x,7,R,0,2,0,4,1,NA,0.000622841,6.5,26,0.016193873
195,BB_x R,BB_x,1,R,0,2,0,2,0,NA,0.000622841,6.5,13,0.008096937
196,BB_x R,BB_x,6,R,0,2,0,1,0,NA,0.000622841,6.5,6.5,0.004048468
197,BB_x R,BB_x,8,R,1,1,0,1,0,NA,0.000622841,6.5,6.5,0.004048468
198,BB_x R,BB_x,8,R,1,2,0,4,1,NA,0.000622841,6.5,26,0.016193873
199,BB_x R,BB_x,6,R,1,1,0,29,1,NA,0.000622841,6.5,188.5,0.117405579
200,BB_x R,BB_x,7,R,0,2,0,5,0,NA,0.000622841,6.5,32.5,0.020242341
201,BB_x R,BB_x,4,R,1,1,0,11,0,NA,0.000622841,6.5,71.5,0.044533151
202,BB_x R,BB_x,7,R,0,2,0,2,0,NA,0.000622841,6.5,13,0.008096937
203,BB_x R,BB_x,7,R,0,2,0,6,0,NA,0.000622841,6.5,39,0.02429081
204,BB_x R,BB_x,2,R,1,0,0,2,1,NA,0.000622841,6.5,13,0.008096937
205,BB_x R,BB_x,7,R,0,2,0,5,0,NA,0.000622841,6.5,32.5,0.020242341
206,BB_x R,BB_x,7,R,0,1,0,5,0,NA,0.000622841,6.5,32.5,0.020242341
207,BB_x R,BB_x,8,R,0,2,0,12,1,NA,0.000622841,6.5,78,0.048581619
208,BB_x R,BB_x,1,R,0,2,0,25,1,NA,0.000622841,6.5,162.5,0.101211706
209,BB_x R,BB_x,8,R,1,2,0,15,1,NA,0.000622841,6.5,97.5,0.060727024
210,BB_x R,BB_x,9,R,2,0,0,17,0,NA,0.000622841,6.5,110.5,0.06882396
211,BB_x R,BB_x,8,R,1,0,0,4,1,NA,0.000622841,6.5,26,0.016193873
212,BB_x R,BB_x,8,R,1,2,0,13,1,NA,0.000622841,6.5,84.5,0.052630087
213,BB_x R,BB_x,7,R,1,1,0,23,1,NA,0.000622841,6.5,149.5,0.09311477
214,BB_x R,BB_x,10,R,1,0,0,14,1,NA,0.000622841,6.5,91,0.056678556
215,BB_x R,BB_x,9,R,0,1,0,3,0,NA,0.000622841,6.5,19.5,0.012145405
216,BB_x R,BB_x,5,R,1,0,0,1,0,NA,0.000622841,6.5,6.5,0.004048468
217,BB_x T,BB_x,6,T,1,0,0,1,0,NA,0.005748085,54.2,54.2,0.311546199
218,BB_x T,BB_x,6,T,1,0,0,2,0,NA,0.005748085,54.2,108.4,0.623092399
219,BB_x T,BB_x,4,T,1,0,1,3,0,NA,0.005748085,54.2,162.6,0.934638598
220,BB_x T,BB_x,4,T,1,0,1,3,0,NA,0.005748085,54.2,162.6,0.934638598
221,BB_x T,BB_x,4,T,0,0,0,6,0,NA,0.005748085,54.2,325.2,1.869277196
222,BB_x T,BB_x,4,T,0,0,2,2,0,NA,0.005748085,54.2,108.4,0.623092399
223,BB_x T,BB_x,4,T,0,0,0,2,0,NA,0.005748085,54.2,108.4,0.623092399
224,BB_x T,BB_x,10,T,0,1,1,3,0,NA,0.005748085,54.2,162.6,0.934638598
225,BB_x T,BB_x,4,T,0,0,2,4,0,NA,0.005748085,54.2,216.8,1.246184797
226,BB_x T,BB_x,6,T,1,2,0,1,0,NA,0.005748085,54.2,54.2,0.311546199
227,BB_x T,BB_x,10,T,0,1,1,3,0,NA,0.005748085,54.2,162.6,0.934638598
228,BB_x T,BB_x,5,T,0,0,0,1,0,NA,0.005748085,54.2,54.2,0.311546199
229,BB_x T,BB_x,10,T,0,0,1,5,0,NA,0.005748085,54.2,271,1.557730997
230,BB_x T,BB_x,6,T,2,0,0,1,0,NA,0.005748085,54.2,54.2,0.311546199
231,BB_x T,BB_x,4,T,0,0,1,3,0,NA,0.005748085,54.2,162.6,0.934638598
232,BF H,BF,3,H,0,2,0,1,0,NA,1.319063,2.5,2.5,3.2976575
233,BF H,BF,5,H,1,0,0,1,0,NA,1.319063,2.5,2.5,3.2976575
234,BF H,BF,9,H,1,0,0,2,0,NA,1.319063,2.5,5,6.595315
235,BF H,BF,5,H,0,0,0,1,0,NA,1.319063,2.5,2.5,3.2976575
236,BF H,BF,5,H,1,0,0,1,0,NA,1.319063,2.5,2.5,3.2976575
237,BF H,BF,4,H,0,1,1,2,0,NA,1.319063,2.5,5,6.595315
238,BF H,BF,6,H,0,2,0,2,0,NA,1.319063,2.5,5,6.595315
239,BF H,BF,5,H,0,2,0,1,0,NA,1.319063,2.5,2.5,3.2976575
240,BF H,BF,7,H,2,2,0,2,0,NA,1.319063,2.5,5,6.595315
241,BF H,BF,5,H,0,0,0,1,0,NA,1.319063,2.5,2.5,3.2976575
242,BF H,BF,7,H,1,0,0,2,0,NA,1.319063,2.5,5,6.595315
243,BF H,BF,5,H,1,1,0,1,0,NA,1.319063,2.5,2.5,3.2976575
244,BF H,BF,4,H,2,0,0,1,0,NA,1.319063,2.5,2.5,3.2976575
245,BF H,BF,7,H,0,2,0,1,0,NA,1.319063,2.5,2.5,3.2976575
246,BF H,BF,8,H,0,0,0,0,0,NA,1.319063,2.5,0,0
247,BF H,BF,5,H,0,0,0,2,0,NA,1.319063,2.5,5,6.595315
248,BF H,BF,2,H,2,2,0,2,0,NA,1.319063,2.5,5,6.595315
249,BF H,BF,4,H,0,1,0,1,0,NA,1.319063,2.5,2.5,3.2976575
250,BF H,BF,6,H,2,0,0,1,0,NA,1.319063,2.5,2.5,3.2976575
251,BF H,BF,3,H,0,1,0,1,0,NA,1.319063,2.5,2.5,3.2976575
252,BF H,BF,9,H,1,0,0,1,0,NA,1.319063,2.5,2.5,3.2976575
253,BF H,BF,9,H,0,2,0,2,0,NA,1.319063,2.5,5,6.595315
254,BF H,BF,9,H,1,0,0,1,0,NA,1.319063,2.5,2.5,3.2976575
255,BF H,BF,9,H,0,2,0,2,0,NA,1.319063,2.5,5,6.595315
256,BF H,BF,4,H,0,0,1,1,0,NA,1.319063,2.5,2.5,3.2976575
257,BF H,BF,10,H,0,2,1,3,0,NA,1.319063,2.5,7.5,9.8929725
258,BF H,BF,3,H,0,2,0,1,0,NA,1.319063,2.5,2.5,3.2976575
259,BF H,BF,10,H,0,3,0,2,0,NA,1.319063,2.5,5,6.595315
260,BF H,BF,2,H,0,0,0,1,0,NA,1.319063,2.5,2.5,3.2976575
261,BF R,BF,1,R,0,0,0,4,0,NA,0.004725667,5.5,22,0.103964667
262,BF R,BF,1,R,0,0,0,2,0,NA,0.004725667,5.5,11,0.051982333
263,BF R,BF,1,R,0,1,0,11,0,NA,0.004725667,5.5,60.5,0.285902833
264,BF R,BF,1,R,0,0,0,2,0,NA,0.004725667,5.5,11,0.051982333
265,BF R,BF,1,R,1,0,0,6,0,NA,0.004725667,5.5,33,0.155947
266,BF R,BF,2,R,0,2,0,29,0,NA,0.004725667,5.5,159.5,0.753743833
267,BF R,BF,2,R,0,1,0,24,0,NA,0.004725667,5.5,132,0.623788
268,BF R,BF,2,R,0,2,0,2,0,NA,0.004725667,5.5,11,0.051982333
269,BF R,BF,2,R,0,2,0,1,0,NA,0.004725667,5.5,5.5,0.025991167
270,BF R,BF,2,R,0,1,0,1,0,NA,0.004725667,5.5,5.5,0.025991167
271,BF R,BF,2,R,0,0,0,4,0,NA,0.004725667,5.5,22,0.103964667
272,BF R,BF,2,R,0,1,0,11,0,NA,0.004725667,5.5,60.5,0.285902833
273,BF R,BF,8,R,0,1,0,0,0,NA,0.004725667,5.5,0,0
274,BF R,BF,8,R,0,2,0,0,0,NA,0.004725667,5.5,0,0
275,BF R,BF,8,R,0,1,0,0,0,NA,0.004725667,5.5,0,0
276,BF R,BF,8,R,0,1,0,0,0,NA,0.004725667,5.5,0,0
277,BF R,BF,5,R,2,1,0,4,0,NA,0.004725667,5.5,22,0.103964667
278,BF R,BF,3,R,0,1,0,26,0,NA,0.004725667,5.5,143,0.675770333
279,BF R,BF,3,R,0,1,0,4,0,NA,0.004725667,5.5,22,0.103964667
280,BF R,BF,3,R,0,1,0,15,0,NA,0.004725667,5.5,82.5,0.3898675
281,BF R,BF,10,R,1,0,0,6,0,NA,0.004725667,5.5,33,0.155947
282,BF R,BF,9,R,1,1,0,1,0,NA,0.004725667,5.5,5.5,0.025991167
283,BF R,BF,5,R,1,1,0,15,0,NA,0.004725667,5.5,82.5,0.3898675
284,BF R,BF,5,R,1,1,0,2,0,NA,0.004725667,5.5,11,0.051982333
285,BF R,BF,7,R,0,2,0,2,0,NA,0.004725667,5.5,11,0.051982333
286,BF R,BF,4,R,0,0,1,1,0,NA,0.004725667,5.5,5.5,0.025991167
287,BF R,BF,4,R,0,2,0,20,0,NA,0.004725667,5.5,110,0.519823333
288,BF R,BF,4,R,2,1,0,28,0,NA,0.004725667,5.5,154,0.727752667
289,BF R,BF,6,R,0,0,0,31,0,NA,0.004725667,5.5,170.5,0.805726167
290,BF R,BF,10,R,1,0,0,12,0,NA,0.004725667,5.5,66,0.311894
291,BF R,BF,6,R,0,2,0,2,0,NA,0.004725667,5.5,11,0.051982333
292,BF R,BF,7,R,0,2,0,25,0,NA,0.004725667,5.5,137.5,0.649779167
293,BF R,BF,7,R,0,2,0,7,0,NA,0.004725667,5.5,38.5,0.181938167
294,BF R,BF,5,R,2,2,0,6,0,NA,0.004725667,5.5,33,0.155947
295,BF R,BF,5,R,1,1,0,6,0,NA,0.004725667,5.5,33,0.155947
296,BF R,BF,8,R,0,2,0,0,0,NA,0.004725667,5.5,0,0
297,BF T,BF,4,T,1,0,0,1,0,NA,0.006743974,21,21,0.141623459
298,BF T,BF,10,T,1,0,1,2,0,NA,0.006743974,21,42,0.283246917
299,BF T,BF,10,T,1,0,2,1,0,NA,0.006743974,21,21,0.141623459
300,BF_x H,BF_x,6,H,3,0,1,1,0,NA,1.382323667,2.6,2.6,3.594041533
301,BF_x H,BF_x,2,H,0,1,0,3,0,NA,1.382323667,2.6,7.8,10.7821246
302,BF_x H,BF_x,6,H,1,1,0,1,0,NA,1.382323667,2.6,2.6,3.594041533
303,BF_x H,BF_x,6,H,0,0,1,2,0,NA,1.382323667,2.6,5.2,7.188083067
304,BF_x H,BF_x,6,H,3,0,0,1,0,NA,1.382323667,2.6,2.6,3.594041533
305,BF_x H,BF_x,5,H,1,0,4,1,0,NA,1.382323667,2.6,2.6,3.594041533
306,BF_x H,BF_x,2,H,0,3,2,3,0,NA,1.382323667,2.6,7.8,10.7821246
307,BF_x H,BF_x,10,H,1,2,0,1,0,NA,1.382323667,2.6,2.6,3.594041533
308,BF_x H,BF_x,3,H,0,4,0,2,0,NA,1.382323667,2.6,5.2,7.188083067
309,BF_x H,BF_x,5,H,0,0,4,3,0,NA,1.382323667,2.6,7.8,10.7821246
310,BF_x H,BF_x,6,H,1,0,0,1,0,NA,1.382323667,2.6,2.6,3.594041533
311,BF_x H,BF_x,4,H,1,1,2,1,0,NA,1.382323667,2.6,2.6,3.594041533
312,BF_x H,BF_x,3,H,0,2,2,3,0,NA,1.382323667,2.6,7.8,10.7821246
313,BF_x H,BF_x,2,H,0,1,1,5,0,NA,1.382323667,2.6,13,17.97020767
314,BF_x H,BF_x,3,H,0,3,0,3,0,NA,1.382323667,2.6,7.8,10.7821246
315,BF_x R,BF_x,1,R,0,3,0,3,1,NA,0.015821476,4.3,12.9,0.204097043
316,BF_x R,BF_x,1,R,0,0,2,12,1,NA,0.015821476,4.3,51.6,0.816388171
317,BF_x R,BF_x,1,R,0,1,0,15,1,NA,0.015821476,4.3,64.5,1.020485214
318,BF_x R,BF_x,1,R,0,1,0,11,1,NA,0.015821476,4.3,47.3,0.748355824
319,BF_x R,BF_x,2,R,1,0,2,10,0,NA,0.015821476,4.3,43,0.680323476
320,BF_x R,BF_x,1,R,2,0,0,11,1,NA,0.015821476,4.3,47.3,0.748355824
321,BF_x R,BF_x,2,R,0,0,4,18,0,NA,0.015821476,4.3,77.4,1.224582257
322,BF_x R,BF_x,2,R,1,0,1,7,0,NA,0.015821476,4.3,30.1,0.476226433
323,BF_x R,BF_x,2,R,2,1,1,3,0,NA,0.015821476,4.3,12.9,0.204097043
324,BF_x R,BF_x,1,R,0,2,0,4,1,NA,0.015821476,4.3,17.2,0.27212939
325,BF_x R,BF_x,2,R,0,0,2,24,1,NA,0.015821476,4.3,103.2,1.632776343
326,BF_x R,BF_x,7,R,1,2,1,10,1,NA,0.015821476,4.3,43,0.680323476
327,BF_x R,BF_x,3,R,1,2,0,2,0,NA,0.015821476,4.3,8.6,0.136064695
328,BF_x R,BF_x,3,R,0,1,1,7,0,NA,0.015821476,4.3,30.1,0.476226433
329,BF_x R,BF_x,1,R,0,0,1,16,1,NA,0.015821476,4.3,68.8,1.088517562
330,BF_x R,BF_x,9,R,1,1,0,11,1,NA,0.015821476,4.3,47.3,0.748355824
331,BF_x R,BF_x,6,R,2,1,1,10,0,NA,0.015821476,4.3,43,0.680323476
332,BF_x R,BF_x,8,R,0,1,0,19,1,NA,0.015821476,4.3,81.7,1.292614605
333,BF_x R,BF_x,9,R,2,0,1,7,0,NA,0.015821476,4.3,30.1,0.476226433
334,BF_x R,BF_x,8,R,0,2,0,18,1,NA,0.015821476,4.3,77.4,1.224582257
335,BF_x R,BF_x,8,R,0,1,0,30,1,NA,0.015821476,4.3,129,2.040970429
336,BF_x R,BF_x,8,R,0,2,0,19,1,NA,0.015821476,4.3,81.7,1.292614605
337,BF_x R,BF_x,2,R,3,1,2,6,1,NA,0.015821476,4.3,25.8,0.408194086
338,BF_x R,BF_x,8,R,0,2,0,12,1,NA,0.015821476,4.3,51.6,0.816388171
339,BF_x R,BF_x,8,R,0,3,0,7,1,NA,0.015821476,4.3,30.1,0.476226433
340,BF_x R,BF_x,8,R,0,1,0,18,1,NA,0.015821476,4.3,77.4,1.224582257
341,BF_x R,BF_x,8,R,0,1,0,26,1,NA,0.015821476,4.3,111.8,1.768841038
342,BF_x R,BF_x,8,R,0,1,1,24,1,NA,0.015821476,4.3,103.2,1.632776343
343,BF_x R,BF_x,8,R,0,0,1,8,0,NA,0.015821476,4.3,34.4,0.544258781
344,BF_x R,BF_x,9,R,2,1,1,1,1,NA,0.015821476,4.3,4.3,0.068032348
345,BF_x R,BF_x,9,R,2,0,2,3,1,NA,0.015821476,4.3,12.9,0.204097043
346,BF_x R,BF_x,8,R,0,1,0,26,1,NA,0.015821476,4.3,111.8,1.768841038
347,BF_x R,BF_x,10,R,1,0,0,25,0,NA,0.015821476,4.3,107.5,1.70080869
348,BF_x R,BF_x,6,R,2,1,0,22,1,NA,0.015821476,4.3,94.6,1.496711648
349,BF_x R,BF_x,5,R,2,0,0,11,1,NA,0.015821476,4.3,47.3,0.748355824
350,BF_x R,BF_x,10,R,1,1,0,8,0,NA,0.015821476,4.3,34.4,0.544258781
351,BF_x R,BF_x,10,R,0,0,0,11,1,NA,0.015821476,4.3,47.3,0.748355824
352,BF_x R,BF_x,10,R,2,1,1,11,1,NA,0.015821476,4.3,47.3,0.748355824
353,BF_x R,BF_x,10,R,1,1,0,11,1,NA,0.015821476,4.3,47.3,0.748355824
354,BF_x R,BF_x,10,R,1,1,0,5,1,NA,0.015821476,4.3,21.5,0.340161738
355,BF_x R,BF_x,8,R,0,3,0,16,0,NA,0.015821476,4.3,68.8,1.088517562
356,BF_x R,BF_x,8,R,0,2,0,25,1,NA,0.015821476,4.3,107.5,1.70080869
357,BF_x R,BF_x,3,R,1,2,1,6,0,NA,0.015821476,4.3,25.8,0.408194086
358,BF_x R,BF_x,8,R,0,4,0,8,0,NA,0.015821476,4.3,34.4,0.544258781
359,BF_x R,BF_x,4,R,0,0,1,4,0,NA,0.015821476,4.3,17.2,0.27212939
360,BF_x R,BF_x,7,R,1,0,0,3,0,NA,0.015821476,4.3,12.9,0.204097043
361,BF_x R,BF_x,3,R,1,3,0,11,1,NA,0.015821476,4.3,47.3,0.748355824
362,BF_x R,BF_x,7,R,0,1,0,1,0,NA,0.015821476,4.3,4.3,0.068032348
363,BF_x R,BF_x,7,R,0,1,0,5,0,NA,0.015821476,4.3,21.5,0.340161738
364,BF_x R,BF_x,3,R,0,1,0,12,1,NA,0.015821476,4.3,51.6,0.816388171
365,BF_x R,BF_x,7,R,0,3,1,7,1,NA,0.015821476,4.3,30.1,0.476226433
366,BF_x R,BF_x,3,R,1,2,0,15,1,NA,0.015821476,4.3,64.5,1.020485214
367,BF_x R,BF_x,7,R,1,1,0,21,1,NA,0.015821476,4.3,90.3,1.4286793
368,BF_x R,BF_x,3,R,0,3,0,10,1,NA,0.015821476,4.3,43,0.680323476
369,BF_x R,BF_x,8,R,0,3,1,5,1,NA,0.015821476,4.3,21.5,0.340161738
370,BF_x R,BF_x,4,R,0,0,1,9,0,NA,0.015821476,4.3,38.7,0.612291129
371,BF_x R,BF_x,8,R,0,1,2,6,0,NA,0.015821476,4.3,25.8,0.408194086
372,BF_x R,BF_x,3,R,1,1,1,17,1,NA,0.015821476,4.3,73.1,1.15654991
373,BF_x R,BF_x,3,R,0,3,2,8,1,NA,0.015821476,4.3,34.4,0.544258781
374,BF_x R,BF_x,3,R,0,1,0,29,1,NA,0.015821476,4.3,124.7,1.972938081
375,BF_x R,BF_x,5,R,0,2,1,5,1,NA,0.015821476,4.3,21.5,0.340161738
376,BF_x R,BF_x,6,R,0,0,1,17,0,NA,0.015821476,4.3,73.1,1.15654991
377,BF_x R,BF_x,5,R,0,1,1,12,1,NA,0.015821476,4.3,51.6,0.816388171
378,BF_x T,BF_x,6,T,1,0,3,1,0,NA,0.005472057,15.5,15.5,0.084816881
379,BF_x T,BF_x,4,T,0,0,2,3,0,NA,0.005472057,15.5,46.5,0.254450644
380,BF_x T,BF_x,5,T,1,0,0,1,0,NA,0.005472057,15.5,15.5,0.084816881
381,BF_x T,BF_x,6,T,1,0,1,1,0,NA,0.005472057,15.5,15.5,0.084816881
382,BF_x T,BF_x,4,T,0,0,1,1,0,NA,0.005472057,15.5,15.5,0.084816881
383,BF_x T,BF_x,4,T,1,0,0,1,0,NA,0.005472057,15.5,15.5,0.084816881
384,BF_x T,BF_x,10,T,0,0,0,2,0,NA,0.005472057,15.5,31,0.169633763
385,F H,F,1,H,0,2,0,3,0,NA,1.176665833,2.8,8.4,9.883993
386,F H,F,4,H,0,0,1,3,0,NA,1.176665833,2.8,8.4,9.883993
387,F H,F,4,H,1,2,0,3,0,NA,1.176665833,2.8,8.4,9.883993
388,F H,F,5,H,0,1,0,3,0,NA,1.176665833,2.8,8.4,9.883993
389,F H,F,6,H,1,0,0,1,0,NA,1.176665833,2.8,2.8,3.294664333
390,F H,F,3,H,0,2,0,1,0,NA,1.176665833,2.8,2.8,3.294664333
391,F H,F,3,H,0,1,0,3,0,NA,1.176665833,2.8,8.4,9.883993
392,F H,F,1,H,0,1,0,4,0,NA,1.176665833,2.8,11.2,13.17865733
393,F H,F,4,H,1,1,0,2,0,NA,1.176665833,2.8,5.6,6.589328667
394,F H,F,7,H,1,0,0,3,0,NA,1.176665833,2.8,8.4,9.883993
395,F H,F,7,H,0,2,0,1,0,NA,1.176665833,2.8,2.8,3.294664333
396,F H,F,4,H,2,1,1,1,0,NA,1.176665833,2.8,2.8,3.294664333
397,F H,F,1,H,0,0,0,5,0,NA,1.176665833,2.8,14,16.47332167
398,F H,F,1,H,0,2,0,3,0,NA,1.176665833,2.8,8.4,9.883993
399,F H,F,5,H,2,0,0,2,0,NA,1.176665833,2.8,5.6,6.589328667
400,F H,F,9,H,0,0,0,3,0,NA,1.176665833,2.8,8.4,9.883993
401,F H,F,2,H,0,0,1,1,0,NA,1.176665833,2.8,2.8,3.294664333
402,F H,F,9,H,0,2,0,1,0,NA,1.176665833,2.8,2.8,3.294664333
403,F H,F,6,H,0,0,2,1,0,NA,1.176665833,2.8,2.8,3.294664333
404,F H,F,6,H,0,1,0,3,0,NA,1.176665833,2.8,8.4,9.883993
405,F H,F,7,H,0,0,0,1,0,NA,1.176665833,2.8,2.8,3.294664333
406,F H,F,7,H,1,0,0,3,0,NA,1.176665833,2.8,8.4,9.883993
407,F H,F,5,H,1,0,0,2,0,NA,1.176665833,2.8,5.6,6.589328667
408,F H,F,8,H,1,1,0,1,0,NA,1.176665833,2.8,2.8,3.294664333
409,F H,F,8,H,0,0,1,3,0,NA,1.176665833,2.8,8.4,9.883993
410,F H,F,4,H,0,1,0,2,0,NA,1.176665833,2.8,5.6,6.589328667
411,F H,F,10,H,0,0,1,3,0,NA,1.176665833,2.8,8.4,9.883993
412,F H,F,10,H,0,0,0,2,0,NA,1.176665833,2.8,5.6,6.589328667
413,F H,F,8,H,0,2,0,1,0,NA,1.176665833,2.8,2.8,3.294664333
414,F H,F,5,H,0,0,0,4,0,NA,1.176665833,2.8,11.2,13.17865733
415,F H,F,10,H,0,1,0,2,0,NA,1.176665833,2.8,5.6,6.589328667
416,F R,F,1,R,0,1,0,4,0,NA,0.004586,1.5,6,0.027516
417,F R,F,1,R,0,0,0,11,0,NA,0.004586,1.5,16.5,0.075669
418,F R,F,3,R,1,0,0,22,0,NA,0.004586,1.5,33,0.151338
419,F R,F,2,R,0,1,1,4,0,NA,0.004586,1.5,6,0.027516
420,F R,F,2,R,0,0,2,7,0,NA,0.004586,1.5,10.5,0.048153
421,F R,F,2,R,1,1,1,5,0,NA,0.004586,1.5,7.5,0.034395
422,F R,F,9,R,0,1,0,9,0,NA,0.004586,1.5,13.5,0.061911
423,F_low H,F_low,2,H,0,0,0,1,0,NA,1.520112708,3.375,3.375,5.130380391
424,F_low H,F_low,3,H,0,0,0,2,0,NA,1.520112708,3.375,6.75,10.26076078
425,F_low H,F_low,3,H,1,0,0,2,0,NA,1.520112708,3.375,6.75,10.26076078
426,F_low H,F_low,2,H,0,0,0,3,0,NA,1.520112708,3.375,10.125,15.39114117
427,F_low H,F_low,3,H,0,0,0,1,0,NA,1.520112708,3.375,3.375,5.130380391
428,F_low H,F_low,1,H,0,2,0,1,0,NA,1.520112708,3.375,3.375,5.130380391
429,F_low H,F_low,3,H,1,0,0,1,0,NA,1.520112708,3.375,3.375,5.130380391
430,F_low H,F_low,2,H,0,0,0,2,0,NA,1.520112708,3.375,6.75,10.26076078
431,F_low H,F_low,1,H,0,2,0,2,0,NA,1.520112708,3.375,6.75,10.26076078
432,F_low H,F_low,1,H,0,2,0,4,0,NA,1.520112708,3.375,13.5,20.52152156
433,F_low H,F_low,3,H,0,0,0,1,0,NA,1.520112708,3.375,3.375,5.130380391
434,F_low R,F_low,1,R,1,1,0,17,0,NA,0.005683167,4.5,76.5,0.43476225
435,F_low R,F_low,1,R,0,2,0,7,0,NA,0.005683167,4.5,31.5,0.17901975
436,F_low R,F_low,1,R,0,1,0,3,0,NA,0.005683167,4.5,13.5,0.07672275
437,F_low R,F_low,4,R,0,2,0,16,0,NA,0.005683167,4.5,72,0.409188
438,F_low R,F_low,4,R,0,3,0,3,0,NA,0.005683167,4.5,13.5,0.07672275
439,F_low R,F_low,4,R,0,2,0,2,0,NA,0.005683167,4.5,9,0.0511485
440,F_low R,F_low,4,R,0,1,0,6,0,NA,0.005683167,4.5,27,0.1534455
441,FF H,FF,2,H,0,1,0,2,0,NA,1.219263333,1.7,3.4,4.145495333
442,FF H,FF,4,H,0,1,0,2,0,NA,1.219263333,1.7,3.4,4.145495333
443,FF H,FF,10,H,0,1,0,2,0,NA,1.219263333,1.7,3.4,4.145495333
444,FF H,FF,3,H,0,3,0,4,0,NA,1.219263333,1.7,6.8,8.290990667
445,FF H,FF,9,H,1,1,0,1,0,NA,1.219263333,1.7,1.7,2.072747667
446,FF R,FF,2,R,1,0,0,5,0,NA,0.004133929,5.2,26,0.107482143
447,FF R,FF,2,R,0,1,0,8,0,NA,0.004133929,5.2,41.6,0.171971429
448,FF R,FF,3,R,0,1,0,12,0,NA,0.004133929,5.2,62.4,0.257957143
449,FF R,FF,3,R,0,0,0,9,0,NA,0.004133929,5.2,46.8,0.193467857
450,FF R,FF,3,R,0,0,0,3,0,NA,0.004133929,5.2,15.6,0.064489286
451,FF R,FF,3,R,0,1,1,4,0,NA,0.004133929,5.2,20.8,0.085985714
452,FF R,FF,4,R,0,2,0,2,0,NA,0.004133929,5.2,10.4,0.042992857
453,FF R,FF,3,R,0,2,0,7,0,NA,0.004133929,5.2,36.4,0.150475
454,FF R,FF,3,R,0,1,0,1,0,NA,0.004133929,5.2,5.2,0.021496429
455,FF R,FF,4,R,0,1,1,7,0,NA,0.004133929,5.2,36.4,0.150475
456,FF R,FF,5,R,1,0,1,2,0,NA,0.004133929,5.2,10.4,0.042992857
457,FF R,FF,4,R,0,3,0,5,0,NA,0.004133929,5.2,26,0.107482143
458,FF R,FF,5,R,0,1,1,26,0,NA,0.004133929,5.2,135.2,0.558907143
459,FF R,FF,6,R,1,1,0,1,0,NA,0.004133929,5.2,5.2,0.021496429
460,FF R,FF,6,R,0,1,0,42,0,NA,0.004133929,5.2,218.4,0.90285
461,FF R,FF,5,R,0,0,1,1,0,NA,0.004133929,5.2,5.2,0.021496429
462,FF R,FF,8,R,1,1,0,1,0,NA,0.004133929,5.2,5.2,0.021496429
463,FF R,FF,7,R,1,1,0,3,0,NA,0.004133929,5.2,15.6,0.064489286
464,FF R,FF,3,R,0,1,0,3,0,NA,0.004133929,5.2,15.6,0.064489286
465,FF R,FF,8,R,1,0,0,2,0,NA,0.004133929,5.2,10.4,0.042992857
466,FF R,FF,6,R,0,0,1,49,0,NA,0.004133929,5.2,254.8,1.053325
467,FF R,FF,8,R,0,0,0,5,0,NA,0.004133929,5.2,26,0.107482143
468,FF R,FF,7,R,1,1,0,2,0,NA,0.004133929,5.2,10.4,0.042992857
469,FF R,FF,9,R,1,0,0,37,0,NA,0.004133929,5.2,192.4,0.795367857
470,FF R,FF,8,R,1,1,0,14,0,NA,0.004133929,5.2,72.8,0.30095
471,FF T,FF,6,T,0,0,1,2,0,NA,0.006049016,35.7,71.4,0.43189975
472,FF T,FF,6,T,0,0,2,1,0,NA,0.006049016,35.7,35.7,0.215949875
473,FF T,FF,6,T,0,0,3,6,0,NA,0.006049016,35.7,214.2,1.295699251
474,FF T,FF,6,T,0,0,0,5,0,NA,0.006049016,35.7,178.5,1.079749376
475,FF T,FF,10,T,0,1,0,1,0,NA,0.006049016,35.7,35.7,0.215949875
476,FF T,FF,10,T,1,0,0,1,0,NA,0.006049016,35.7,35.7,0.215949875
477,FF T,FF,6,T,0,0,3,4,0,NA,0.006049016,35.7,142.8,0.8637995
478,O H,O,1,H,0,1,0,3,0,NA,1.4983625,2.7,8.1,12.13673625
479,O H,O,3,H,1,0,0,1,0,NA,1.4983625,2.7,2.7,4.04557875
480,O H,O,2,H,0,3,0,1,0,NA,1.4983625,2.7,2.7,4.04557875
481,O H,O,4,H,0,0,0,3,0,NA,1.4983625,2.7,8.1,12.13673625
482,O H,O,7,H,1,0,0,2,0,NA,1.4983625,2.7,5.4,8.0911575
483,O H,O,3,H,0,2,0,1,0,NA,1.4983625,2.7,2.7,4.04557875
484,O H,O,2,H,0,2,0,1,0,NA,1.4983625,2.7,2.7,4.04557875
485,O H,O,4,H,0,1,0,1,0,NA,1.4983625,2.7,2.7,4.04557875
486,O H,O,10,H,0,1,0,3,0,NA,1.4983625,2.7,8.1,12.13673625
487,O H,O,7,H,1,0,0,2,0,NA,1.4983625,2.7,5.4,8.0911575
488,O H,O,4,H,2,1,0,1,0,NA,1.4983625,2.7,2.7,4.04557875
489,O H,O,7,H,1,0,0,3,0,NA,1.4983625,2.7,8.1,12.13673625
490,O H,O,6,H,0,0,0,8,0,NA,1.4983625,2.7,21.6,32.36463
491,O H,O,5,H,0,1,0,4,0,NA,1.4983625,2.7,10.8,16.182315
492,O H,O,5,H,1,1,0,2,0,NA,1.4983625,2.7,5.4,8.0911575
493,O H,O,5,H,1,2,0,2,0,NA,1.4983625,2.7,5.4,8.0911575
494,O H,O,1,H,0,1,0,2,0,NA,1.4983625,2.7,5.4,8.0911575
495,O H,O,9,H,3,0,0,1,0,NA,1.4983625,2.7,2.7,4.04557875
496,O H,O,3,H,0,0,0,2,0,NA,1.4983625,2.7,5.4,8.0911575
497,O H,O,7,H,0,0,1,3,0,NA,1.4983625,2.7,8.1,12.13673625
498,O H,O,9,H,2,0,0,2,0,NA,1.4983625,2.7,5.4,8.0911575
499,O R,O,5,R,1,1,0,6,0,NA,0.00794631,4.9,29.4,0.2336215
500,O R,O,2,R,0,1,0,10,0,NA,0.00794631,4.9,49,0.389369167
501,O R,O,7,R,2,2,0,1,0,NA,0.00794631,4.9,4.9,0.038936917
502,O R,O,5,R,0,1,0,11,0,NA,0.00794631,4.9,53.9,0.428306083
503,O R,O,4,R,2,1,0,4,0,NA,0.00794631,4.9,19.6,0.155747667
504,O R,O,2,R,0,1,1,16,0,NA,0.00794631,4.9,78.4,0.622990667
505,O R,O,4,R,0,3,0,1,0,NA,0.00794631,4.9,4.9,0.038936917
506,O R,O,3,R,0,1,0,2,0,NA,0.00794631,4.9,9.8,0.077873833
507,O R,O,5,R,1,0,0,19,0,NA,0.00794631,4.9,93.1,0.739801417
508,O R,O,8,R,2,1,0,1,0,NA,0.00794631,4.9,4.9,0.038936917
509,O R,O,8,R,1,1,0,4,0,NA,0.00794631,4.9,19.6,0.155747667
510,O R,O,4,R,1,1,0,30,0,NA,0.00794631,4.9,147,1.1681075
511,O R,O,6,R,0,1,0,6,0,NA,0.00794631,4.9,29.4,0.2336215
512,O R,O,8,R,0,2,0,11,0,NA,0.00794631,4.9,53.9,0.428306083
513,O R,O,10,R,0,0,0,7,0,NA,0.00794631,4.9,34.3,0.272558417
514,O R,O,3,R,0,0,2,3,0,NA,0.00794631,4.9,14.7,0.11681075
515,O R,O,10,R,0,0,0,15,0,NA,0.00794631,4.9,73.5,0.58405375
516,O R,O,10,R,0,0,0,6,0,NA,0.00794631,4.9,29.4,0.2336215
517,O_low H,O_low,1,H,0,0,0,2,0,NA,1.393472619,3.285714286,6.571428571,9.157105782
518,O_low H,O_low,1,H,1,0,0,1,0,NA,1.393472619,3.285714286,3.285714286,4.578552891
519,O_low H,O_low,1,H,0,1,0,1,0,NA,1.393472619,3.285714286,3.285714286,4.578552891
520,O_low H,O_low,2,H,1,0,0,1,0,NA,1.393472619,3.285714286,3.285714286,4.578552891
521,O_low H,O_low,2,H,0,0,0,3,0,NA,1.393472619,3.285714286,9.857142857,13.73565867
522,O_low H,O_low,4,H,0,2,0,1,0,NA,1.393472619,3.285714286,3.285714286,4.578552891
523,O_low H,O_low,4,H,0,0,0,2,0,NA,1.393472619,3.285714286,6.571428571,9.157105782
524,O_low H,O_low,1,H,0,0,0,2,0,NA,1.393472619,3.285714286,6.571428571,9.157105782
525,O_low H,O_low,4,H,0,1,0,3,0,NA,1.393472619,3.285714286,9.857142857,13.73565867
526,O_low H,O_low,5,H,0,2,0,2,0,NA,1.393472619,3.285714286,6.571428571,9.157105782
527,O_low H,O_low,5,H,0,4,0,2,0,NA,1.393472619,3.285714286,6.571428571,9.157105782
528,O_low H,O_low,2,H,3,0,0,2,0,NA,1.393472619,3.285714286,6.571428571,9.157105782
529,O_low H,O_low,5,H,0,1,0,4,0,NA,1.393472619,3.285714286,13.14285714,18.31421156
530,O_low H,O_low,3,H,0,2,0,1,0,NA,1.393472619,3.285714286,3.285714286,4.578552891
531,O_low H,O_low,4,H,0,3,0,1,0,NA,1.393472619,3.285714286,3.285714286,4.578552891
532,O_low H,O_low,1,H,1,0,0,3,0,NA,1.393472619,3.285714286,9.857142857,13.73565867
533,O_low R,O_low,1,R,1,0,0,5,0,NA,0.008342333,4.4,22,0.183531333
534,O_low R,O_low,1,R,1,1,0,5,0,NA,0.008342333,4.4,22,0.183531333
535,O_low R,O_low,4,R,0,0,0,1,0,NA,0.008342333,4.4,4.4,0.036706267
536,O_low R,O_low,3,R,0,0,0,3,0,NA,0.008342333,4.4,13.2,0.1101188
537,O_low R,O_low,3,R,0,2,0,3,0,NA,0.008342333,4.4,13.2,0.1101188
538,O_low R,O_low,4,R,0,1,0,1,0,NA,0.008342333,4.4,4.4,0.036706267
539,O_low R,O_low,5,R,1,1,0,21,0,NA,0.008342333,4.4,92.4,0.7708316
540,O_low R,O_low,5,R,0,2,0,32,0,NA,0.008342333,4.4,140.8,1.174600533
541,O_low R,O_low,3,R,2,0,0,29,0,NA,0.008342333,4.4,127.6,1.064481733
542,O_low R,O_low,3,R,0,2,0,3,0,NA,0.008342333,4.4,13.2,0.1101188
543,O_low R,O_low,5,R,0,2,0,4,0,NA,0.008342333,4.4,17.6,0.146825067
544,OB H,OB,7,H,1,0,0,1,0,NA,1.164497,2.9,2.9,3.3770413
545,OB H,OB,7,H,0,1,0,1,0,NA,1.164497,2.9,2.9,3.3770413
546,OB H,OB,3,H,0,2,0,1,0,NA,1.164497,2.9,2.9,3.3770413
547,OB H,OB,7,H,0,1,0,1,0,NA,1.164497,2.9,2.9,3.3770413
548,OB H,OB,1,H,0,1,0,1,0,NA,1.164497,2.9,2.9,3.3770413
549,OB H,OB,7,H,2,1,0,2,0,NA,1.164497,2.9,5.8,6.7540826
550,OB H,OB,1,H,0,2,0,2,0,NA,1.164497,2.9,5.8,6.7540826
551,OB H,OB,4,H,0,1,0,1,0,NA,1.164497,2.9,2.9,3.3770413
552,OB H,OB,2,H,0,0,0,2,0,NA,1.164497,2.9,5.8,6.7540826
553,OB H,OB,5,H,0,3,0,1,0,NA,1.164497,2.9,2.9,3.3770413
554,OB H,OB,8,H,0,1,0,2,0,NA,1.164497,2.9,5.8,6.7540826
555,OB H,OB,9,H,2,0,0,1,0,NA,1.164497,2.9,2.9,3.3770413
556,OB R,OB,1,R,1,0,0,1,0,NA,0.006013583,4.9,4.9,0.029466558
557,OB R,OB,4,R,1,0,0,8,0,NA,0.006013583,4.9,39.2,0.235732467
558,OB R,OB,1,R,1,2,0,8,0,NA,0.006013583,4.9,39.2,0.235732467
559,OB R,OB,6,R,0,2,0,4,0,NA,0.006013583,4.9,19.6,0.117866233
560,OB R,OB,2,R,0,1,0,6,0,NA,0.006013583,4.9,29.4,0.17679935
561,OB R,OB,6,R,1,2,0,6,0,NA,0.006013583,4.9,29.4,0.17679935
562,OB R,OB,2,R,0,1,0,6,0,NA,0.006013583,4.9,29.4,0.17679935
563,OB R,OB,2,R,1,1,0,14,0,NA,0.006013583,4.9,68.6,0.412531817
564,OB R,OB,3,R,1,0,0,6,0,NA,0.006013583,4.9,29.4,0.17679935
565,OB R,OB,2,R,0,1,0,4,0,NA,0.006013583,4.9,19.6,0.117866233
566,OB R,OB,8,R,1,0,0,1,0,NA,0.006013583,4.9,4.9,0.029466558
567,OB R,OB,8,R,0,2,0,2,0,NA,0.006013583,4.9,9.8,0.058933117
568,OB R,OB,8,R,0,2,0,5,0,NA,0.006013583,4.9,24.5,0.147332792
569,OB R,OB,1,R,1,0,0,4,0,NA,0.006013583,4.9,19.6,0.117866233
570,OB R,OB,8,R,0,1,0,1,0,NA,0.006013583,4.9,4.9,0.029466558
571,OB R,OB,6,R,0,2,0,4,0,NA,0.006013583,4.9,19.6,0.117866233
572,OB R,OB,10,R,1,0,0,21,0,NA,0.006013583,4.9,102.9,0.618797725
573,OB R,OB,7,R,1,1,0,5,0,NA,0.006013583,4.9,24.5,0.147332792
574,OB R,OB,3,R,0,1,0,6,0,NA,0.006013583,4.9,29.4,0.17679935
575,OB R,OB,9,R,0,2,0,13,0,NA,0.006013583,4.9,63.7,0.383065258
576,OB R,OB,10,R,2,0,0,9,0,NA,0.006013583,4.9,44.1,0.265199025
577,OB T,OB,10,T,0,0,0,1,0,NA,0.009581818,11,11,0.1054
578,OB_x H,OB_x,3,H,0,1,0,1,0,NA,1.400034167,2.7,2.7,3.78009225
579,OB_x H,OB_x,6,H,1,0,0,1,0,NA,1.400034167,2.7,2.7,3.78009225
580,OB_x H,OB_x,1,H,0,1,0,2,0,NA,1.400034167,2.7,5.4,7.5601845
581,OB_x H,OB_x,1,H,0,2,0,1,0,NA,1.400034167,2.7,2.7,3.78009225
582,OB_x H,OB_x,1,H,0,0,0,1,0,NA,1.400034167,2.7,2.7,3.78009225
583,OB_x H,OB_x,7,H,0,1,0,1,0,NA,1.400034167,2.7,2.7,3.78009225
584,OB_x H,OB_x,7,H,0,2,0,1,0,NA,1.400034167,2.7,2.7,3.78009225
585,OB_x H,OB_x,9,H,1,0,0,1,0,NA,1.400034167,2.7,2.7,3.78009225
586,OB_x H,OB_x,9,H,1,1,0,3,0,NA,1.400034167,2.7,8.1,11.34027675
587,OB_x H,OB_x,3,H,0,2,0,3,0,NA,1.400034167,2.7,8.1,11.34027675
588,OB_x H,OB_x,8,H,0,2,0,1,0,NA,1.400034167,2.7,2.7,3.78009225
589,OB_x H,OB_x,2,H,1,1,0,1,0,NA,1.400034167,2.7,2.7,3.78009225
590,OB_x H,OB_x,2,H,0,1,0,2,0,NA,1.400034167,2.7,5.4,7.5601845
591,OB_x H,OB_x,8,H,0,1,0,2,0,NA,1.400034167,2.7,5.4,7.5601845
592,OB_x H,OB_x,10,H,0,1,0,1,0,NA,1.400034167,2.7,2.7,3.78009225
593,OB_x H,OB_x,10,H,0,0,2,2,0,NA,1.400034167,2.7,5.4,7.5601845
594,OB_x H,OB_x,4,H,1,0,1,1,0,NA,1.400034167,2.7,2.7,3.78009225
595,OB_x H,OB_x,10,H,0,0,1,2,0,NA,1.400034167,2.7,5.4,7.5601845
596,OB_x R,OB_x,1,R,0,2,0,1,0,NA,0.004168595,4.6,4.6,0.019175538
597,OB_x R,OB_x,7,R,0,1,0,1,1,NA,0.004168595,4.6,4.6,0.019175538
598,OB_x R,OB_x,1,R,0,1,0,2,0,NA,0.004168595,4.6,9.2,0.038351076
599,OB_x R,OB_x,3,R,0,1,0,6,1,NA,0.004168595,4.6,27.6,0.115053229
600,OB_x R,OB_x,8,R,0,2,0,8,1,NA,0.004168595,4.6,36.8,0.153404305
601,OB_x R,OB_x,8,R,0,2,0,7,1,NA,0.004168595,4.6,32.2,0.134228767
602,OB_x R,OB_x,1,R,1,1,0,5,0,NA,0.004168595,4.6,23,0.09587769
603,OB_x R,OB_x,2,R,2,0,0,7,0,NA,0.004168595,4.6,32.2,0.134228767
604,OB_x R,OB_x,2,R,0,2,0,5,0,NA,0.004168595,4.6,23,0.09587769
605,OB_x R,OB_x,2,R,0,1,0,4,0,NA,0.004168595,4.6,18.4,0.076702152
606,OB_x R,OB_x,2,R,1,1,0,6,0,NA,0.004168595,4.6,27.6,0.115053229
607,OB_x R,OB_x,8,R,2,0,0,5,1,NA,0.004168595,4.6,23,0.09587769
608,OB_x R,OB_x,3,R,0,2,0,1,0,NA,0.004168595,4.6,4.6,0.019175538
609,OB_x R,OB_x,3,R,0,2,0,3,0,NA,0.004168595,4.6,13.8,0.057526614
610,OB_x R,OB_x,7,R,1,0,0,6,1,NA,0.004168595,4.6,27.6,0.115053229
611,OB_x R,OB_x,3,R,0,2,0,8,1,NA,0.004168595,4.6,36.8,0.153404305
612,OB_x R,OB_x,5,R,0,1,0,29,1,NA,0.004168595,4.6,133.4,0.556090605
613,OB_x R,OB_x,3,R,0,2,0,13,1,NA,0.004168595,4.6,59.8,0.249281995
614,OB_x R,OB_x,3,R,0,2,0,9,1,NA,0.004168595,4.6,41.4,0.172579843
615,OB_x R,OB_x,3,R,0,2,0,1,1,NA,0.004168595,4.6,4.6,0.019175538
616,OB_x R,OB_x,3,R,0,2,0,10,1,NA,0.004168595,4.6,46,0.191755381
617,OB_x R,OB_x,4,R,0,0,0,1,0,NA,0.004168595,4.6,4.6,0.019175538
618,OB_x R,OB_x,10,R,1,0,0,7,1,NA,0.004168595,4.6,32.2,0.134228767
619,OB_x R,OB_x,2,R,1,1,0,22,1,NA,0.004168595,4.6,101.2,0.421861838
620,OB_x R,OB_x,4,R,0,1,0,1,1,NA,0.004168595,4.6,4.6,0.019175538
621,OB_x R,OB_x,5,R,2,0,0,11,0,NA,0.004168595,4.6,50.6,0.210930919
622,OB_x R,OB_x,5,R,0,0,1,3,0,NA,0.004168595,4.6,13.8,0.057526614
623,OB_x R,OB_x,6,R,2,0,0,3,0,NA,0.004168595,4.6,13.8,0.057526614
624,OB_x R,OB_x,5,R,2,0,0,37,1,NA,0.004168595,4.6,170.2,0.70949491
625,OB_x R,OB_x,9,R,0,1,0,25,1,NA,0.004168595,4.6,115,0.479388452
626,OB_x R,OB_x,9,R,1,1,0,24,1,NA,0.004168595,4.6,110.4,0.460212914
627,OB_x R,OB_x,8,R,1,1,0,8,1,NA,0.004168595,4.6,36.8,0.153404305
628,OB_x R,OB_x,6,R,3,0,0,16,1,NA,0.004168595,4.6,73.6,0.30680861
629,OB_x R,OB_x,7,R,1,0,0,5,0,NA,0.004168595,4.6,23,0.09587769
630,OB_x R,OB_x,8,R,0,3,0,3,1,NA,0.004168595,4.6,13.8,0.057526614
631,OB_x R,OB_x,7,R,0,2,0,4,1,NA,0.004168595,4.6,18.4,0.076702152
632,OB_x R,OB_x,7,R,1,1,0,11,1,NA,0.004168595,4.6,50.6,0.210930919
633,OB_x R,OB_x,7,R,0,0,0,14,1,NA,0.004168595,4.6,64.4,0.268457533
634,OB_x R,OB_x,7,R,0,2,0,10,1,NA,0.004168595,4.6,46,0.191755381
635,OB_x R,OB_x,10,R,1,0,1,2,1,NA,0.004168595,4.6,9.2,0.038351076
636,OB_x R,OB_x,9,R,0,2,0,17,1,NA,0.004168595,4.6,78.2,0.325984148
637,OB_x R,OB_x,9,R,0,1,0,38,1,NA,0.004168595,4.6,174.8,0.728670448
638,OB_x R,OB_x,8,R,0,1,0,3,1,NA,0.004168595,4.6,13.8,0.057526614
639,OB_x R,OB_x,8,R,0,1,0,2,1,NA,0.004168595,4.6,9.2,0.038351076
640,OB_x R,OB_x,8,R,0,2,0,6,1,NA,0.004168595,4.6,27.6,0.115053229
641,OB_x R,OB_x,8,R,2,0,0,13,1,NA,0.004168595,4.6,59.8,0.249281995
642,OB_x T,OB_x,4,T,1,0,1,2,0,NA,NA,15.5,31,NA
643,OB_x T,OB_x,5,T,1,0,0,1,0,NA,NA,15.5,15.5,NA
644,OF H,OF,1,H,0,1,0,3,0,NA,1.143668333,2.2,6.6,7.548211
645,OF H,OF,2,H,1,1,1,2,0,NA,1.143668333,2.2,4.4,5.032140667
646,OF H,OF,1,H,0,1,0,6,0,NA,1.143668333,2.2,13.2,15.096422
647,OF H,OF,2,H,0,1,1,1,0,NA,1.143668333,2.2,2.2,2.516070333
648,OF H,OF,3,H,0,1,0,1,0,NA,1.143668333,2.2,2.2,2.516070333
649,OF H,OF,3,H,0,3,0,1,0,NA,1.143668333,2.2,2.2,2.516070333
650,OF H,OF,5,H,0,0,2,1,0,NA,1.143668333,2.2,2.2,2.516070333
651,OF H,OF,4,H,1,0,2,1,0,NA,1.143668333,2.2,2.2,2.516070333
652,OF H,OF,4,H,1,0,1,2,0,NA,1.143668333,2.2,4.4,5.032140667
653,OF H,OF,6,H,0,0,0,1,0,NA,1.143668333,2.2,2.2,2.516070333
654,OF H,OF,4,H,1,0,2,1,0,NA,1.143668333,2.2,2.2,2.516070333
655,OF H,OF,4,H,0,0,1,1,0,NA,1.143668333,2.2,2.2,2.516070333
656,OF H,OF,7,H,1,0,1,2,0,NA,1.143668333,2.2,4.4,5.032140667
657,OF H,OF,7,H,0,2,0,1,0,NA,1.143668333,2.2,2.2,2.516070333
658,OF H,OF,7,H,1,1,1,2,0,NA,1.143668333,2.2,4.4,5.032140667
659,OF H,OF,7,H,0,2,0,1,0,NA,1.143668333,2.2,2.2,2.516070333
660,OF H,OF,8,H,0,1,0,1,0,NA,1.143668333,2.2,2.2,2.516070333
661,OF H,OF,8,H,1,1,0,2,0,NA,1.143668333,2.2,4.4,5.032140667
662,OF H,OF,6,H,1,0,0,1,0,NA,1.143668333,2.2,2.2,2.516070333
663,OF H,OF,8,H,0,3,0,2,0,NA,1.143668333,2.2,4.4,5.032140667
664,OF H,OF,10,H,0,0,0,1,0,NA,1.143668333,2.2,2.2,2.516070333
665,OF H,OF,6,H,0,1,0,1,0,NA,1.143668333,2.2,2.2,2.516070333
666,OF H,OF,10,H,0,1,0,2,0,NA,1.143668333,2.2,4.4,5.032140667
667,OF H,OF,6,H,0,0,0,1,0,NA,1.143668333,2.2,2.2,2.516070333
668,OF H,OF,6,H,0,0,0,2,0,NA,1.143668333,2.2,4.4,5.032140667
669,OF H,OF,5,H,0,3,2,3,0,NA,1.143668333,2.2,6.6,7.548211
670,OF H,OF,6,H,1,0,1,1,0,NA,1.143668333,2.2,2.2,2.516070333
671,OF H,OF,6,H,3,0,0,1,0,NA,1.143668333,2.2,2.2,2.516070333
672,OF R,OF,3,R,1,0,0,6,0,NA,0.00264981,4.3,25.8,0.068365086
673,OF R,OF,1,R,1,1,0,8,0,NA,0.00264981,4.3,34.4,0.091153448
674,OF R,OF,1,R,0,4,0,3,0,NA,0.00264981,4.3,12.9,0.034182543
675,OF R,OF,1,R,1,2,0,1,0,NA,0.00264981,4.3,4.3,0.011394181
676,OF R,OF,3,R,1,0,0,4,0,NA,0.00264981,4.3,17.2,0.045576724
677,OF R,OF,4,R,0,0,1,2,0,NA,0.00264981,4.3,8.6,0.022788362
678,OF R,OF,1,R,1,2,0,1,0,NA,0.00264981,4.3,4.3,0.011394181
679,OF R,OF,2,R,0,0,0,7,0,NA,0.00264981,4.3,30.1,0.079759267
680,OF R,OF,5,R,0,0,1,7,0,NA,0.00264981,4.3,30.1,0.079759267
681,OF R,OF,3,R,0,0,0,2,0,NA,0.00264981,4.3,8.6,0.022788362
682,OF R,OF,1,R,2,1,0,3,0,NA,0.00264981,4.3,12.9,0.034182543
683,OF R,OF,4,R,1,1,0,5,0,NA,0.00264981,4.3,21.5,0.056970905
684,OF R,OF,1,R,0,0,1,7,0,NA,0.00264981,4.3,30.1,0.079759267
685,OF R,OF,2,R,1,1,2,2,0,NA,0.00264981,4.3,8.6,0.022788362
686,OF R,OF,3,R,0,2,0,3,0,NA,0.00264981,4.3,12.9,0.034182543
687,OF R,OF,10,R,0,0,0,27,0,NA,0.00264981,4.3,116.1,0.307642886
688,OF R,OF,8,R,1,1,0,5,0,NA,0.00264981,4.3,21.5,0.056970905
689,OF R,OF,4,R,2,0,0,8,0,NA,0.00264981,4.3,34.4,0.091153448
690,OF R,OF,3,R,1,3,0,2,0,NA,0.00264981,4.3,8.6,0.022788362
691,OF R,OF,6,R,3,0,0,1,0,NA,0.00264981,4.3,4.3,0.011394181
692,OF R,OF,9,R,1,0,0,11,0,NA,0.00264981,4.3,47.3,0.12533599
693,OF T,OF,1,T,0,1,0,1,0,NA,NA,23.2,23.2,NA
694,OO H,OO,2,H,0,2,0,2,0,NA,0.978125,2.444444444,4.888888889,4.781944444
695,OO H,OO,7,H,0,3,0,1,0,NA,0.978125,2.444444444,2.444444444,2.390972222
696,OO H,OO,2,H,0,2,0,1,0,NA,0.978125,2.444444444,2.444444444,2.390972222
697,OO H,OO,1,H,0,1,0,3,0,NA,0.978125,2.444444444,7.333333333,7.172916667
698,OO H,OO,4,H,0,0,2,1,0,NA,0.978125,2.444444444,2.444444444,2.390972222
699,OO H,OO,1,H,0,2,0,3,0,NA,0.978125,2.444444444,7.333333333,7.172916667
700,OO H,OO,2,H,0,1,0,3,0,NA,0.978125,2.444444444,7.333333333,7.172916667
701,OO H,OO,8,H,1,1,0,1,0,NA,0.978125,2.444444444,2.444444444,2.390972222
702,OO H,OO,4,H,0,1,0,1,0,NA,0.978125,2.444444444,2.444444444,2.390972222
703,OO H,OO,4,H,0,1,1,2,0,NA,0.978125,2.444444444,4.888888889,4.781944444
704,OO R,OO,1,R,0,2,0,7,0,NA,0.0050815,4.7,32.9,0.16718135
705,OO R,OO,3,R,0,3,0,5,0,NA,0.0050815,4.7,23.5,0.11941525
706,OO R,OO,1,R,1,0,0,2,0,NA,0.0050815,4.7,9.4,0.0477661
707,OO R,OO,1,R,0,1,0,5,0,NA,0.0050815,4.7,23.5,0.11941525
708,OO R,OO,3,R,0,1,0,17,0,NA,0.0050815,4.7,79.9,0.40601185
709,OO R,OO,2,R,0,2,0,8,0,NA,0.0050815,4.7,37.6,0.1910644
710,OO R,OO,3,R,0,3,0,1,0,NA,0.0050815,4.7,4.7,0.02388305
711,OO R,OO,2,R,0,0,0,3,0,NA,0.0050815,4.7,14.1,0.07164915
712,OO R,OO,3,R,0,3,0,3,0,NA,0.0050815,4.7,14.1,0.07164915
713,OO R,OO,3,R,0,2,0,9,0,NA,0.0050815,4.7,42.3,0.21494745
714,OO R,OO,7,R,1,1,0,3,0,NA,0.0050815,4.7,14.1,0.07164915
715,OO R,OO,2,R,2,0,0,18,0,NA,0.0050815,4.7,84.6,0.4298949
716,OO R,OO,5,R,1,1,0,1,0,NA,0.0050815,4.7,4.7,0.02388305
717,OO R,OO,6,R,2,2,0,11,0,NA,0.0050815,4.7,51.7,0.26271355
718,OO R,OO,5,R,2,0,0,18,0,NA,0.0050815,4.7,84.6,0.4298949
719,OO R,OO,6,R,1,0,0,6,0,NA,0.0050815,4.7,28.2,0.1432983
720,OO R,OO,3,R,0,3,0,1,0,NA,0.0050815,4.7,4.7,0.02388305
721,OO R,OO,7,R,2,0,0,7,0,NA,0.0050815,4.7,32.9,0.16718135
722,OO R,OO,6,R,1,1,0,3,0,NA,0.0050815,4.7,14.1,0.07164915
723,OO R,OO,10,R,0,0,0,19,0,NA,0.0050815,4.7,89.3,0.45377795
724,OO R,OO,7,R,0,1,0,4,0,NA,0.0050815,4.7,18.8,0.0955322
725,OO R,OO,7,R,1,2,0,7,0,NA,0.0050815,4.7,32.9,0.16718135
726,OO R,OO,4,R,2,0,0,6,0,NA,0.0050815,4.7,28.2,0.1432983
727,OO R,OO,8,R,0,3,0,8,0,NA,0.0050815,4.7,37.6,0.1910644
728,OO R,OO,5,R,1,0,0,2,0,NA,0.0050815,4.7,9.4,0.0477661
729,OO R,OO,9,R,0,2,0,2,0,NA,0.0050815,4.7,9.4,0.0477661
730,OO R,OO,9,R,0,1,0,3,0,NA,0.0050815,4.7,14.1,0.07164915
731,OO R,OO,10,R,2,0,0,36,0,NA,0.0050815,4.7,169.2,0.8597898
732,OO R,OO,7,R,0,0,0,1,0,NA,0.0050815,4.7,4.7,0.02388305
733,OO R,OO,10,R,1,0,0,18,0,NA,0.0050815,4.7,84.6,0.4298949
734,OO R,OO,8,R,0,2,0,27,0,NA,0.0050815,4.7,126.9,0.64484235
735,OO T,OO,10,T,0,0,1,1,0,NA,0.006713911,23.2,23.2,0.155762724
736,OO T,OO,10,T,1,0,1,2,0,NA,0.006713911,23.2,46.4,0.311525447
737,OO T,OO,4,T,0,1,2,1,0,NA,0.006713911,23.2,23.2,0.155762724
738,OO T,OO,10,T,0,0,1,1,0,NA,0.006713911,23.2,23.2,0.155762724